video_title,length,skill_category,url
Master Frontend Web Development With 15 Real World Projects Using Html CSS and Javascript,3123 seconds,Complete HTML CSS course,https://youtu.be/cmO8ZmtthLQ
HTML CSS Tutorial for Beginners - Web Development Tutorials For Beginners,423 seconds,Web development HTML CSS,https://youtu.be/J35jug1uHzE
How To Create A Website using HTML &amp; CSS | Step-by-Step Tutorial,1639 seconds,Web development HTML CSS,https://youtu.be/CQZxeoQeo5c
Learn CSS in 20 Minutes,1424 seconds,HTML CSS tutorial,https://youtu.be/1PnVor36_40
CSS in 5 minutes,496 seconds,HTML CSS tutorial,https://youtu.be/Z4pCqK-V_Wo
"HTML, CSS, and Javascript in 30 minutes",1909 seconds,HTML CSS tutorial,https://youtu.be/_GTMOmRrqkU
CSS Tutorial for Beginners in [Hindi] | HTML &amp; CSS | by Rahul Chaudhary,673 seconds,HTML CSS tutorial,https://youtu.be/KRXsAGEYrwo
Learn CSS Flexbox in 20 Minutes (Course),1237 seconds,HTML CSS tutorial,https://youtu.be/wsTv9y931o8
HTML CSS Tutorial for Beginners | Learn HTML &amp; CSS | Full Stack Training | Edureka,2144 seconds,HTML CSS tutorial,https://youtu.be/QMnv3QrjZoU
CSS Basics full course in telugu in 25 minutes | Complete CSS course | Vamsi Bhavani,1401 seconds,Complete HTML CSS course,https://youtu.be/f7ypRyxw6Yw
JavaScript Course for Beginners ‚Äì Your First Step to Web Development,2897 seconds,JavaScript programming fundamentals,https://youtu.be/W6NZfCO5SIk
JavaScript Operators and Expressions | JavaScript Full Course | JavaScript Tutorial For Beginners #6,838 seconds,Complete JavaScript course,https://youtu.be/zCk2TRiOKVA
100+ JavaScript Concepts you Need to Know,744 seconds,JavaScript programming fundamentals,https://youtu.be/lkIFF4maKMU
Javascript Course in Telugu | Javascript for beginners | Vamsi Bhavani,2946 seconds,Complete JavaScript course,https://youtu.be/9qEMbbNGAGI
JavaScript tutorial for beginners üåê,723 seconds,JavaScript tutorial for beginners,https://youtu.be/Ihy0QziLDf0
JavaScript In 10 Minutes | JavaScript Tutorial For Beginners | Learn JavaScript | Simplilearn,714 seconds,JavaScript programming fundamentals,https://youtu.be/LO5eTH4Pe8E
JavaScript Tutorial for Beginners 2025 - Your First Step into Programming,771 seconds,JavaScript tutorial for beginners,https://youtu.be/9ap-u5RdRpI
JavaScript Tutorial for Beginners | JavaScript Free Course | by Rahul Chaudhary,906 seconds,JavaScript tutorial for beginners,https://youtu.be/9Sy-hINltQM
Javascript tutorial for beginners | JS | Lec-01 | Bhanu Priya,457 seconds,JavaScript tutorial for beginners,https://youtu.be/QFRXnyd4cWw
How to Learn Javascript in 2023 (From ZERO),484 seconds,JavaScript programming fundamentals,https://youtu.be/quJzdnXuNDc
Learn basics of JavaScript (For Absolute Beginners) - Part -1,3482 seconds,JavaScript tutorial for beginners,https://youtu.be/62wUFIa-ltw
JavaScript in 8 Minutes üë©‚Äçüíª,534 seconds,JavaScript tutorial for beginners,https://youtu.be/0vL_EhRMFN0
JavaScript Basics in 10 Minutes,709 seconds,JavaScript programming fundamentals,https://youtu.be/xwKbtUP87Dk
Javascript Introduction | Lecture 1 | Web Development Course,468 seconds,JavaScript programming fundamentals,https://youtu.be/B7wHpNUUT4Y
React JS Explained In 10 Minutes,600 seconds,React tutorial for beginners,https://youtu.be/s2skans2dP4
Master React JS in easy way,738 seconds,Learn React programming,https://youtu.be/E8lXC2mR6-k
Every React Concept Explained in 12 Minutes,713 seconds,React tutorial for beginners,https://youtu.be/wIyHSOugGGw
How I learned React JS in 7 Days,504 seconds,Learn React programming,https://youtu.be/xaUj-NCDu7c
My advice if you&#39;re learning React,467 seconds,Learn React programming,https://youtu.be/FFi6BkdZ41s
Do You Know Enough JavaScript To Learn React,388 seconds,Learn React programming,https://youtu.be/JR9wsVYp8RQ
Best ReactJS Course | Namaste React by Akshay Saini  üöÄ,575 seconds,React.js full course,https://youtu.be/83_7HQuIQfU
React full course in telugu in 45 minutes | Complete React.js course | Vamsi Bhavani,2756 seconds,React.js full course,https://youtu.be/6DP7cMN99zQ
Top 9 JavaScript topics to know before learning React JS in 2024,626 seconds,React.js full course,https://youtu.be/--VcGI9iPvw
Introduction to AngularJS,584 seconds,Angular.js tutorial,https://youtu.be/QoptnVCQHsU
Learn AngularJS in 5 Minutes,322 seconds,Angular.js tutorial,https://youtu.be/cEbBvAEDjrg
AngularJS Tutorial,2413 seconds,Angular.js tutorial,https://youtu.be/OPxeCiy0RdY
Angular 19 tutorial for beginners | Introduction to angular | Angular tutorial in Telugu | Angular,2008 seconds,Angular full course,https://youtu.be/HgmRTHyx9U4
Angular full course in telugu in 35 minutes | Complete Angular.js course | Vamsi Bhavani,2101 seconds,Angular full course,https://youtu.be/gm5XZ-HhaYA
"What is Angular? | What Is Angular, And How It Works? | Angular Tutorial For Beginners | Simplilearn",721 seconds,Angular for web development,https://youtu.be/5xg4Jvqy_UI
React vs Angular - Which one to Learn?,827 seconds,Angular for web development,https://youtu.be/L1pfd9iHaWw
React tutorial for beginners ‚öõÔ∏è,1227 seconds,React tutorial for beginners,https://youtu.be/hn80mWvP-9g
Learn React With This One Project,2558 seconds,React tutorial for beginners,https://youtu.be/Rh3tobg7hEo
React Tutorial for Beginners in Hindi #1: Introduction to React v19 &amp; Why Learn ReactJS in 2024,1945 seconds,React tutorial for beginners,https://youtu.be/4z9bvgTlxKw
What Is Vue JS? | Introduction to Vue JS | Vue JS Explained | Vue JS for Beginners | Simplilearn,501 seconds,Vue.js tutorial,https://youtu.be/VpB0eVZir8U
Vue JS 3 Tutorial for Beginners #1 - Introduction,820 seconds,Vue.js tutorial,https://youtu.be/YrxBCBibVo0
Nuxt Vue | Video Tutorials Platform #6 - Icons on the main page,382 seconds,Vue.js tutorial,https://youtu.be/c4sSzkxOYNM
"#1 Vue.js Introduction, Features &amp; Creating First Hello World App Using Vue Js | Beginner&#39;s Tutorial",580 seconds,Vue.js for beginners,https://youtu.be/gL47rcvC-jA
The best way to learn Vue.js in 2024 - CRASH COURSE,3441 seconds,Vue.js tutorial,https://youtu.be/bzlFvd0b65c
Vue JS crash Course | what is Vue JS,659 seconds,Vue.js tutorial,https://youtu.be/hiOUHcx4Ja8
"Build a Collaborative Platform Landing Page with HTML, CSS, Flexbox &amp; Angular 18",2009 seconds,Angular for web development,https://youtu.be/XmaQQnnlylo
React vs Angular in 2024,540 seconds,Angular for web development,https://youtu.be/K9vBpIq8Wck
6. Install Postgresql Database and pgAdmin Tool for the HireAPI Node Api Typescript Project,496 seconds,Node.js full course,https://youtu.be/w5zA1NpqqqI
Node.js Ultimate Beginner‚Äôs Guide in 7 Easy Steps,980 seconds,Backend development with Node.js,https://youtu.be/ENrzD9HAZK4
"How to Create Register API with Node.js and MongoDB,Postman | How to create a sign up API in Node.js",1553 seconds,Backend API with Express.js,https://youtu.be/bhanc2yR6iM
Node JS in Telugu | Node.js Tutorial for Beginners in Telugu,2854 seconds,Node.js tutorial,https://youtu.be/MY2Vxtfn5Tw
Node.js Tutorial in Hindi #1: Introduction to Node JS,851 seconds,Node.js tutorial,https://youtu.be/CKgDta5ACWA
üöÄ Backend (Node JS) Series - Learn What Matters 1: Understanding the Internet,2486 seconds,Node.js tutorial,https://youtu.be/G-bKyVpKwIQ
The Complete Backend Developer Roadmap,504 seconds,Backend development with Node.js,https://youtu.be/OeEHJgzqS1k
Backend web development - a complete overview,778 seconds,Backend development with Node.js,https://youtu.be/XBu54nfzxAQ
"Backend, Node.js &amp; npm | Sigma Web Development Course - Tutorial #85",1040 seconds,Backend development with Node.js,https://youtu.be/NoWRBo3Uf8E
Learn Express JS In 35 Minutes,2163 seconds,Backend API with Express.js,https://youtu.be/SccSCuHhOw0
Introduction to Express Js | Sigma Web Development Course - Tutorial #88,1239 seconds,Express.js tutorial,https://youtu.be/R11tvGM3nDY
Express JS in Telugu | express.js Tutorial for Beginners in Telugu,1729 seconds,Express.js tutorial,https://youtu.be/_jgN80P6YII
Express crash course with postman testing,3171 seconds,Express.js tutorial,https://youtu.be/J50hZTKXEyE
What Is Express JS? | Express JS Tutorial for Beginners 2022 | Express JS API | Simplilearn,308 seconds,Express.js tutorial,https://youtu.be/0QRFOsrBtXw
How to build a REST API with Node js &amp; Express,3520 seconds,Backend API with Express.js,https://youtu.be/pKd0Rpw7O48
Express JS In 15 Minutes | Introduction To Express JS | Express JS Tutorial | Simplilearn,911 seconds,Express.js tutorial,https://youtu.be/dyMCr2lD5k0
Getting Started with Express and NodeJS,688 seconds,Express.js tutorial,https://youtu.be/N2-FyBBxOZA
Django in 8 Minutes üî•,483 seconds,Django tutorial,https://youtu.be/rIWJWy3_njo
"Choosing the Right Python Web Framework: Django, Flask, or FastAPI?",768 seconds,Complete Python web development course,https://youtu.be/f00Kxt-PFYA
Learn Django in 20 Minutes!!,1285 seconds,Django tutorial,https://youtu.be/nGIg40xs9e4
Building REST API&#39;s using Node and Express.js,1227 seconds,Backend API with Express.js,https://youtu.be/uNCrMvkPUAE
RESTful APIs in 100 Seconds // Build an API from Scratch with Node.js Express,680 seconds,REST API full course,https://youtu.be/-MTSQjw5DrM
"Build A REST API With Node.js, Express, &amp; MongoDB - Quick",1736 seconds,Backend API with Express.js,https://youtu.be/fgTGADljAeg
Rest API #3:  Setup Routes &amp; Controllers using Express Routers in Hindi,632 seconds,Backend API with Express.js,https://youtu.be/AzmWXD-uGjI
Using Express.js to Create a Backend Server | JavaScript Tutorial in Hindi #98,585 seconds,Backend API with Express.js,https://youtu.be/w8CkzOmN8PA
"The Complete Guide To Building A REST API With Node, Express, TypeScript &amp; MongoDB + Authentication",2987 seconds,Backend API with Express.js,https://youtu.be/b8ZUb_Okxro
"Connect frontend and backend | React JS, Node JS, Express | Send data from backend to frontend | API",733 seconds,Backend API with Express.js,https://youtu.be/OgYKAI38JvY
Python Web Development | Web Development Using Django | Python Django Tutorial | Edureka,1576 seconds,Python web development with Django,https://youtu.be/zuxzE7--RYM
Python Django Explained In 8 Minutes,491 seconds,Python web development with Django,https://youtu.be/0sMtoedWaf0
#1 Django tutorials | What is Django? | Python Web Framework,313 seconds,Django full stack development,https://youtu.be/SIyxjRJ8VNY
"FastAPI, Flask or Django - Which Should You Use?",589 seconds,Python web development with Flask,https://youtu.be/cNlJCQHSmbE
Learn Flask for Python - Full Tutorial,2819 seconds,Python web development with Flask,https://youtu.be/Z1RJmh_OqeA
Flask in 6 Minutes üî•,395 seconds,Python web development with Flask,https://youtu.be/0HXg9_r_7MM
Python Flask Tutorial For Beginners | Flask Web Development Tutorial | Python Training | Edureka,2150 seconds,Flask full course,https://youtu.be/lj4I_CvBnt0
Complete Python Flask Tutorial For Data Science Projects In Hindi,2388 seconds,Flask full course,https://youtu.be/KF-rDqQfqz0
build a meme Python website (Flask Tutorial for Beginners),810 seconds,Python web development with Flask,https://youtu.be/5aYpkLfkgRE
Python Flask Tutorial For Beginners | Flask Web Development Tutorial |Python Training | Edureka Live,2642 seconds,Flask tutorial,https://youtu.be/B4vA0_7ZrRk
Python Flask Tutorial: Full-Featured Web App Part 1 - Getting Started,1029 seconds,Flask tutorial,https://youtu.be/MwZwr5Tvyxo
Flask Framework in Python Tamil | Flask Complete Tutorial Part-1,1326 seconds,Flask tutorial,https://youtu.be/Bqw6LSBGQWQ
Flask Tutorial #1 - How to Make Websites with Python,636 seconds,Flask tutorial,https://youtu.be/mqhxxeeTbu0
FastAPI Tutorial | FastAPI vs Flask,973 seconds,Flask tutorial,https://youtu.be/Wr1JjhTt1Xg
Complete Python Flask Tutorial in Tamil | Tutor Joes | Part-1,1750 seconds,Flask tutorial,https://youtu.be/VvwyBMdCVac
Plataforma de Cursos Online | Angular 17 y Django 5 -  Se siguen validando errores ( Episodio 28),2748 seconds,Django tutorial,https://youtu.be/iZq_6PyZphs
Python Django REST API In 30 Minutes - Django Tutorial,1842 seconds,Django tutorial,https://youtu.be/NoLF7Dlu5mc
Django Tutorial #1 - Introduction,436 seconds,Django tutorial,https://youtu.be/3EzKBFc9_MQ
Python Django Tutorial: Full-Featured Web App Part 1 - Getting Started,932 seconds,Django tutorial,https://youtu.be/UmljXZIypDc
Python Django Introduction and Beginners Tutorial,1649 seconds,Django tutorial,https://youtu.be/qcJZN1pvG6A
Learn Flask in 20 Minutes (Python Web Development),1203 seconds,Python web development with Flask,https://youtu.be/NvoX9l1Odgk
Flask vs Django in 2025 - Make a RIGHT Choice (Difference Explained),572 seconds,Python web development with Flask,https://youtu.be/lyI98IS7HqE
"What‚Äôs Up with Laravel? It‚Äôs Everywhere, and Here‚Äôs Why!",382 seconds,Laravel full course,https://youtu.be/2WjMrh7ZHIA
Is Laravel the Top PHP Framework for 2025?,551 seconds,Web development with PHP Laravel,https://youtu.be/r35JsBnsBcU
Web Developer Roadmap (2025) - Everything is Changing,1308 seconds,Complete Python web development course,https://youtu.be/X8BYu3dMKf0
Why is Laravel NOT used in Big Development Projects?,713 seconds,Web development with PHP Laravel,https://youtu.be/mMvkoMxq_Yw
Laravel Beginner tutorial | What is Laravel ? Importance of Learning Laravel,402 seconds,PHP Laravel tutorial,https://youtu.be/1onmPIe07yo
1 | Laravel PHP Framework Tutorial for Beginners | Laravel for Complete Beginners | Laravel Tutorial,546 seconds,Laravel full course,https://youtu.be/Rz6SMgKrSYE
Laravel 12 in 12 Minutes,720 seconds,Laravel full course,https://youtu.be/kKOrvU8NPag
Introduction to Laravel | What is a Framework? | Laravel Tutorial in Hindi #1,606 seconds,PHP Laravel tutorial,https://youtu.be/0yVDMcGp97g
Understand Laravel basics 2024 | Laravel tutorial | Laravel for beginners,1372 seconds,Laravel full course,https://youtu.be/AEVhR-hD2Wk
Everything You Need to Know About Laravel in 30 Minutes,1755 seconds,Laravel full course,https://youtu.be/e7z6KJkGhmg
Laravel Tutorial for Beginners #1 - Introduction &amp; Setup,918 seconds,PHP Laravel tutorial,https://youtu.be/DKnn8TlJ4MA
MERN Stack Tutorial #1 - What is the MERN Stack?,425 seconds,MERN stack tutorial,https://youtu.be/98BzS5Oz5E4
Complete Full Stack Web Development Preparation : MERN Stack + 6 Major Projects | New Delta 6.0,667 seconds,Complete MEAN stack course,https://youtu.be/SycSR-NuDF0
"Top 10 MERN Stack Interview TOPIC, MERN STACK INTERVIEW TOPIC to Know in 2025",609 seconds,Full stack MERN development,https://youtu.be/yxz0QOCiPd8
"What is MERN STACK? - MongoDB, Express, React, Node.js - Full Tutorial",432 seconds,Full stack MERN development,https://youtu.be/PtgpSwEYx1s
MERN Stack is Dead?  (the right full-stack path for 2025),1336 seconds,Complete MERN stack course,https://youtu.be/AjRoGrZXGPY
Learn The MERN Stack - Express &amp; MongoDB Rest API,3454 seconds,MERN stack tutorial,https://youtu.be/-0exw-9YJBo
Is the MERN Stack Really Dead in 2024? | What Developers need to know,980 seconds,MERN stack tutorial,https://youtu.be/QMhggRR5znA
MERN Stack future in Next 5 years | Web development roadmap 2025,307 seconds,MERN stack tutorial,https://youtu.be/jjeW-3Gkptw
What Is Full Stack? | Full Stack Developer | What Is Full Stack Web Development |Simplilearn,425 seconds,Full stack MEAN development,https://youtu.be/8KaJRw-rfn8
What is Full Stack Development with Full Information? ‚Äì [Hindi] ‚Äì Quick Support,623 seconds,Full stack MEAN development,https://youtu.be/wS974JC_CoE
Full stack ‡∞ó‡±Å‡∞∞‡∞ø‡∞Ç‡∞ö‡∞ø Full‡∞ó‡∞æ | A-Z Roadmap for Full Stack Development | Vamsi Bhavani,557 seconds,Full stack MEAN development,https://youtu.be/CaZRQnM-_7c
Complete MERN Stack Developer Roadmap For Beginners (2023),894 seconds,Full stack MERN development,https://youtu.be/fKJVxItLiUw
Complete MERN Stack Course For Beginners (Syllabus Included),1329 seconds,Complete MERN stack course,https://youtu.be/fwwOkyKpBDM
"Java Full stack vs MERN stack, Which one to choose in 2024",877 seconds,Full stack MERN development,https://youtu.be/1Thl3SoHstU
HOW I Learned Full Stack Web Development in 30 Days?,749 seconds,Complete MERN stack course,https://youtu.be/5RiZQoULuJ8
Complete Full Stack Web Development Preparation : MERN Stack + 6 Major Projects | New Delta 5.0,687 seconds,Complete MERN stack course,https://youtu.be/pGGSNZ5bJA4
Introduction to MERN stack | Complete React Course in Hindi #41,487 seconds,Complete MERN stack course,https://youtu.be/YhJ-lPiCfyc
What is MERN Stack in Telugu | MERN Stack ‡∞Ö‡∞Ç‡∞ü‡±á ‡∞è‡∞Ç‡∞ü‡∞ø | MongoDB Express React Node | Vamsi Bhavani,613 seconds,Full stack MERN development,https://youtu.be/WrzhsEJ-YTY
How to Use the MEAN Stack: Build a Web Application From Scratch,2090 seconds,MEAN stack tutorial,https://youtu.be/GcYxQ0A7tVM
The MEAN Stack Explained,400 seconds,MEAN stack tutorial,https://youtu.be/DP7TSgc6glc
MEAN Stack Tutorial,1273 seconds,MEAN stack tutorial,https://youtu.be/Avv-Y_ePYA0
"MEAN Stack CRUD Operations: Angular, NodeJS, MongoDB &amp; Express",3483 seconds,MEAN stack tutorial,https://youtu.be/NdyqAUwkUg4
"What is MEAN Stack? (MongoDB, Express, Angular, Node.js) -  Malayalam - One Team Solutions",798 seconds,MEAN stack tutorial,https://youtu.be/SZr8Lryig1g
"What is MEAN STACK? - MongoDB, Express, Angular, Node.js | Full Tutorial",535 seconds,MEAN stack tutorial,https://youtu.be/yEVGgdjpK8s
ùêÖùêöùê¨ùê≠ùêûùê¨ùê≠ ùêñùêöùê≤ ùê≠ùê® be a ùêåùêûùê´ùêß ùêíùêìùêÄùêÇùêä ùêÉùêûùêØùêûùê•ùê®ùê©ùêûùê´|ùó†ùó≤ùóøùóª ùó¶ùòÅùóÆùó∞ùó∏ in Malayalam,480 seconds,MEAN stack tutorial,https://youtu.be/EgzxBE6xKqI
Bossable.com - MEAN Stack Tutorial: Getting started for beginners,1346 seconds,MEAN stack tutorial,https://youtu.be/rlVwJvE3C5A
Let&#39;s learn Full Stack Web Development using MERN Stack || Episode-1,2357 seconds,Full stack MERN development,https://youtu.be/Vi9bxu-M-ag
How to Become a Java Developer in 2025 | Full roadmap,591 seconds,Complete Java web development course,https://youtu.be/ndgZ1xipL9s
Java Full Stack Developer Learning Path || Zero To Hero || @JTCINDIA,994 seconds,Java full stack tutorial,https://youtu.be/p0PaJNOUuOI
2023 FASTEST Way To Learn Java Full Stack RoadMap Complete (Guide + Pdf),730 seconds,Java full stack tutorial,https://youtu.be/u183gdMkhxw
JAVA Full Stack ROADMAP Journey: From Beginner to Expertüìà | Hindi,379 seconds,Java full stack tutorial,https://youtu.be/dvBeUvwUZHQ
Become a Full Stack Developer: A Roadmap for Beginners,895 seconds,Java full stack tutorial,https://youtu.be/5-MLMzbUlPY
Never-Seen Java Developer ROADMAP üî•üî• | Step By Step Guide | Genie Ashwani,485 seconds,Complete Java web development course,https://youtu.be/vgRb9SyohSo
Learn MEAN Stack Development (Part 1) | Fundamentals of Mean Stack | Eduonix,2251 seconds,Complete MEAN stack course,https://youtu.be/2Gbag1AKC8U
How to become a fullstack Python developer !!! üî•üî•üî•,607 seconds,Complete Python web development course,https://youtu.be/VJBkfxh3hWg
Employee Management System in Python | Python Tutorial in Tamil | Python Project in Tamil,3163 seconds,Python full stack tutorial,https://youtu.be/pJy001vnISA
The  Ultimate Python Programming Roadmap (Before you Start)üêç,699 seconds,Complete Python web development course,https://youtu.be/6R0TkF6Mgrk
Mernstack vs Python Full Stack: Which is Better?,555 seconds,Python full stack tutorial,https://youtu.be/2Q7N33VsP_A
Is Python the Coding Language of the Future? A Brief Analysis,563 seconds,Python full stack tutorial,https://youtu.be/PnPc2xDwMvQ
How I  became a Django Developer !! You could do the same üòÄüòÄ,309 seconds,Django full stack development,https://youtu.be/-fP9jdfS0ms
Master Django in 2024: Complete Developer Roadmap,1104 seconds,Django full stack development,https://youtu.be/AOfdbUPTZ28
Python or JavaScript - Which One Should YOU Learn?,485 seconds,Complete Python web development course,https://youtu.be/t9CAFYn7YgY
Web Development Complete RoadMap for 2025 | from Basics to Advanced,1320 seconds,Complete Java web development course,https://youtu.be/4WjtQjPQGIs
How I&#39;d Learn Web Development (If I Could Start Over),415 seconds,Complete Java web development course,https://youtu.be/TG6XSFeOT3g
Java full stack Vs Javascript full stack | MERN Vs Springboot in Telugu | Vamsi Bhavani,472 seconds,Spring Boot full stack development,https://youtu.be/Rpq7YifT9sE
#1 Spring Boot REST API for Shopping Cart | Product API&#39;s | Full Backend Tutorial,2085 seconds,Spring Boot full stack development,https://youtu.be/iWxdz3yqwSE
Spring Boot Tutorial with Project | Java Development Course,2303 seconds,Spring Boot full stack development,https://youtu.be/aS0t9HTO5V4
#5 What is Spring Boot?,732 seconds,Spring Boot full stack development,https://youtu.be/L0v_3MzC1io
Complete Placement Preparation: Java/C++ DSA + Full Web Development + Aptitude | New Sigma 7.0 üöÄ,1147 seconds,Complete Java web development course,https://youtu.be/Srh0GVv2cAM
WEB DEVELOPMENT COMPLETE ROADMAP FOR BEGINNERS üî•,351 seconds,Complete Java web development course,https://youtu.be/voXYG17rhQA
Java Developer Roadmap | ‡§π‡§ø‡§Ç‡§¶‡•Ä,772 seconds,Complete Java web development course,https://youtu.be/ri-vvVr8jEo
What is REST API? | REST API Tutorial | REST API  Concepts and Examples | Edureka,2231 seconds,REST API full course,https://youtu.be/rtWH70_MMHM
What Is REST API? Examples And How To Use It: Crash Course System Design #3,321 seconds,REST API full course,https://youtu.be/-mN3VyJuCjM
REST API Crash Course - Introduction + Full Python API Tutorial,3117 seconds,REST API full course,https://youtu.be/qbLc5a9jdXo
What is a REST API?,552 seconds,REST API full course,https://youtu.be/lsMQRaeKNDk
What is REST API?,941 seconds,REST API full course,https://youtu.be/cJAyEOZQUQY
What is REST API? | Web Service,688 seconds,REST API full course,https://youtu.be/qVTAB8Z2VmA
Difference Between REST API vs Web API vs SOAP API Explained,444 seconds,REST API full course,https://youtu.be/2mqN7ZhDsUA
What is REST API ? | REST API Explained in 9 mins in Hindi | REST API Tutorial | Great Learning,569 seconds,REST API tutorial,https://youtu.be/o7ePQ_M_jsc
What Is A RESTful API? Explanation of REST &amp; HTTP,1118 seconds,REST API tutorial,https://youtu.be/Q-BpqyOT3a8
What is an API ? Simply Explained,321 seconds,REST API full course,https://youtu.be/XGa4onZP66Q
#18 What is REST || API vs Web Services || REST vs RESTful || How RESTful API Works (Hindi),1540 seconds,REST API tutorial,https://youtu.be/IO7CmvYwP50
What is a REST API?,365 seconds,REST API tutorial,https://youtu.be/SLwpqD8n3d0
Python REST API Tutorial for Beginners¬†| How to Build a Flask REST¬†API,2414 seconds,REST API tutorial,https://youtu.be/z3YMz-Gocmw
What is an API?,756 seconds,Web API development,https://youtu.be/E0Qqpn8ymko
What is an API? Create project in 5 minutes,926 seconds,Web API development,https://youtu.be/8DiHb1R8BC4
What is an API in Hindi,518 seconds,Web API development,https://youtu.be/0PaWV3wIfkM
What is a Web API?,459 seconds,Web API development,https://youtu.be/_7rT-ixivWU
What is an API and how does it work? (In plain English),432 seconds,Web API development,https://youtu.be/Yzx7ihtCGBs
REST API Interview Questions (Beginner Level),427 seconds,REST API full course,https://youtu.be/faMdrSCVDzc
Learn GraphQL in 7 Minutes For Beginners,421 seconds,GraphQL API development,https://youtu.be/Zg4XIpnLWQg
What Is GraphQL? REST vs. GraphQL,315 seconds,GraphQL API development,https://youtu.be/yWzKJPw_VzM
GraphQL Crash Course - GraphQL NodeJS,2551 seconds,GraphQL API development,https://youtu.be/WtkKwO1viI8
Learn GraphQL In 40 Minutes,2383 seconds,GraphQL tutorial,https://youtu.be/ZQL7tL2S0oQ
How Learning GraphQL Changed My Life as a Developer | Tanay Pratap Hindi,506 seconds,GraphQL tutorial,https://youtu.be/RlQnzaN-arU
What is GraphQL | How to use it | GraphQL vs REST API In Telugu,734 seconds,GraphQL tutorial,https://youtu.be/rSmSdt907nE
GraphQL Basics - Build an app with the SpaceX API,948 seconds,GraphQL tutorial,https://youtu.be/7wzR4Ig5pTI
Master Graphql with Spring Boot üî•üî•,2037 seconds,GraphQL tutorial,https://youtu.be/eD-1KTK7fGc
FullStack GraphQL React Tutorial - Learn Apollo Client / Apollo Server For Beginners,3095 seconds,GraphQL tutorial,https://youtu.be/BNYwj0ZvU1U
GraphQL Crash course | easy way,2757 seconds,GraphQL tutorial,https://youtu.be/_Zss2Mbz4Bs
What is GraphQL?,723 seconds,GraphQL tutorial,https://youtu.be/X3QM6Ap6u-4
Building Modern APIs with GraphQL,2729 seconds,Modern API design with GraphQL,https://youtu.be/bRnu7xvU1_Y
AWS re:Invent 2020: API patterns and architectures: RESTful vs. GraphQL APIs,1471 seconds,Modern API design with GraphQL,https://youtu.be/pBFStsa0h-4
üöÄ  REST in Peace - Modern API Design with GraphQL (Nikolas Burk),3219 seconds,Modern API design with GraphQL,https://youtu.be/I8SthGPBgHY
"GraphQL, gRPC and REST, Oh My! A Method for Unified API Design ‚Ä¢ Mike Amundsen ‚Ä¢ GOTO 2020",1066 seconds,Modern API design with GraphQL,https://youtu.be/7Anvawx9ixY
"GraphQL, gRPC and REST, Oh My! A Method for Unified API Design ‚Ä¢ Mike Amundsen ‚Ä¢ GOTO 2020",1826 seconds,Modern API design with GraphQL,https://youtu.be/oG6-r3UdenE
"GraphQL, gRPC and REST, Oh My! : A Method for Unified API Design",1077 seconds,Modern API design with GraphQL,https://youtu.be/XopFgJzVY-o
DynamoDB design patterns with GraphQL APIs and AppSync - AWS Online Tech Talks,3002 seconds,Modern API design with GraphQL,https://youtu.be/HkbeKhKjEDU
Designing a GraphQL Gateway with Apollo Server - Patrick Strzelec,1560 seconds,Modern API design with GraphQL,https://youtu.be/mzB1XosiUX0
Eric Baer - The Evolution of API Design: From RPC to GraphQL | VueConf 2017,2390 seconds,Modern API design with GraphQL,https://youtu.be/PmWho45WmQY
REST vs RPC vs GraphQL API - How do I pick the right API paradigm?,936 seconds,Modern API design with GraphQL,https://youtu.be/hkXzsB8D_mo
Building a GraphQL API - Beyond the basics DrupalCon Portland 2022,2747 seconds,Modern API design with GraphQL,https://youtu.be/PBzvJ2Ctjm0
GraphQL: Building a consistent approach for the API consumer,1732 seconds,Modern API design with GraphQL,https://youtu.be/HbOZUbS1q7I
Building Dynamic APIs with GraphQL | API Summit 2023,1800 seconds,GraphQL API development,https://youtu.be/dDUDev1g7e0
GraphQL vs REST APIs | What&#39;s the Best Kind of API?,897 seconds,GraphQL API development,https://youtu.be/F0_pkxQMZnc
Nisarg Shah - Developing GraphQL API in Django using Graphene,1933 seconds,GraphQL API development,https://youtu.be/voR_YknH6uo
Boost your API Development with GraphQL &amp; Prisma ‚Ä¢ Nikolas Burk ‚Ä¢ GOTO 2018,2733 seconds,GraphQL API development,https://youtu.be/HsTDBkZC1lk
What are MicroServices? When &amp; Why is it used? | Monolithic vs Microservices Architecture,555 seconds,Microservices architecture course,https://youtu.be/7IFJb-uLEaI
Microservices Explained in 5 Minutes,317 seconds,Microservices architecture course,https://youtu.be/lL_j7ilk7rc
"Microservices explained - the What, Why and How?",1110 seconds,Microservices architecture course,https://youtu.be/rv4LlmLmVWk
What are Microservices?,546 seconds,Microservices tutorial,https://youtu.be/3WqDbU_Xnu4
Microservices : Breaking Down the Basics,801 seconds,Microservices tutorial,https://youtu.be/mrcRUgHU3zM
API GATEWAY and Microservices Architecture | How API Gateway act as a Single Entry Point?,1398 seconds,Microservices architecture course,https://youtu.be/dkgxvnk8cWw
Microservices Tutorial for Beginners | Microservices Architecture | Microservices Training | Edureka,1399 seconds,Microservices tutorial,https://youtu.be/NHWztBo2AaU
Microservices in 60 mins | Learning Path &amp; Interview Preparation,3580 seconds,Microservices tutorial,https://youtu.be/v_ABLktEwRU
"Fastest Java Microservices Roadmap - with Spring Boot, Spring Cloud, Docker and Kubernetes",359 seconds,Microservices tutorial,https://youtu.be/Bp5O-Z7rUFU
The Ultimate Guide to Agentic AI: What You Need to Know,856 seconds,Microservices architecture course,https://youtu.be/wRaGVCkiR1o
Microservices Design Patterns | Microservices Architecture Patterns | Edureka,1906 seconds,Microservices architecture course,https://youtu.be/xuH81XGWeGQ
Monolithic vs Microservice Architecture: Which To Use and When?,643 seconds,Microservices architecture course,https://youtu.be/NdeTGlZ__Do
What are Microservices | Microservices Architecture Training | Microservices Tutorial | Edureka,1219 seconds,Microservices architecture course,https://youtu.be/gfWr2_H39N0
Top 7 Most-Used Distributed System Patterns,374 seconds,Distributed systems design,https://youtu.be/nH4qjmP2KEE
System Design Primer ‚≠êÔ∏è: How to start with distributed systems?,562 seconds,Distributed systems design,https://youtu.be/SqcXvc3ZmRU
Distributed Systems Design Introduction (Concepts &amp; Challenges),393 seconds,Distributed systems design,https://youtu.be/Sa_gJwB55jY
CAP Theorem Simplified 2023 | System Design Fundamentals | Distributed Systems | Scaler,767 seconds,Distributed systems design,https://youtu.be/8UryASGBiR4
This should be your first distributed systems design book,304 seconds,Distributed systems design,https://youtu.be/83o-LNw3Eps
I ACED my Technical Interviews knowing these System Design Basics,581 seconds,Distributed systems design,https://youtu.be/FxAom29OEKE
How to Answer System Design Interview Questions (Complete Guide),430 seconds,Distributed systems design,https://youtu.be/L9TfZdODuFQ
NHR Perflab Seminar: Hardware-software co-design with the Parallel Research Kernels,3553 seconds,Distributed systems design,https://youtu.be/HTbjM5GDIRM
Data Consistency and Tradeoffs in Distributed Systems,1542 seconds,Distributed systems design,https://youtu.be/m4q7VkgDWrM
How I Mastered System Design Interviews,622 seconds,Distributed systems design,https://youtu.be/l3X1t3kpmwY
Two Phase Commit - Distributed Transactions | Systems Design Interview 0 to 1 with Ex-Google SWE,499 seconds,Distributed systems design,https://youtu.be/7DoT2sTGulc
CAP Theorem Simplified,333 seconds,Distributed systems design,https://youtu.be/BHqjEjzAicA
System Design Concepts Course and Interview Prep,3218 seconds,Distributed systems design,https://youtu.be/F2FmTdLtb_4
20 System Design Concepts Explained in 10 Minutes,701 seconds,Distributed systems design,https://youtu.be/i53Gi_K3o7I
System design basics: When to use distributed computing |  how distributed computing works,1526 seconds,Distributed systems design,https://youtu.be/3zCK_5U69A8
System Design Interview: A Step-By-Step Guide,594 seconds,Distributed systems design,https://youtu.be/i7twT3x5yv8
Design Youtube - System Design Interview,1564 seconds,Distributed systems design,https://youtu.be/jPKTo1iGQiE
Intro to Distributed Systems | sudoCODE,667 seconds,Distributed systems design,https://youtu.be/RzAtVam9LqQ
Generative AI Explained In 5 Minutes | What Is GenAI? | Introduction To Generative AI | Simplilearn,302 seconds,Introduction to Generative AI,https://youtu.be/NRmAXDWJVnU
Introduction to Generative AI,497 seconds,Generative AI for beginners,https://youtu.be/2p5OHDxR2l8
Introduction to Generative AI,1328 seconds,Image processing AI course,https://youtu.be/G2fqAlgmoPo
"AI, Machine Learning, Deep Learning and Generative AI Explained",601 seconds,Machine Learning for beginners,https://youtu.be/qYNweeDHiyU
What is Generative AI? | Generative AI Tutorial | Edureka,395 seconds,Generative AI tutorial,https://youtu.be/xP1eAnFqrYQ
What is generative AI and how does it work? ‚Äì The Turing Lectures with Mirella Lapata,2762 seconds,Generative AI for video,https://youtu.be/_6R7Ym6Vy_I
Getting Started with AI Agents Using LlamaIndex | Generative AI Hands-On Tutorial,1586 seconds,Generative AI tutorial,https://youtu.be/j5_7Q-7VTS0
Generative AI Tutorial | Introduction to Generative AI | Generative AI Explained | Edureka,946 seconds,Introduction to Generative AI,https://youtu.be/XMGR2JiSKbE
Generative AI Roadmap For Absolute Beginners üî•,913 seconds,Generative AI for beginners,https://youtu.be/lv7ka-8FscI
Google‚Äôs AI Course for Beginners (in 10 minutes)!,558 seconds,Machine Learning for beginners,https://youtu.be/Yq0QkCxoTHM
Generative AI in a Nutshell - how to survive and thrive in the age of AI,1077 seconds,Generative AI for beginners,https://youtu.be/2IK3DFHRFfw
Generative AI for beginners| What is generative AI | What is generative AI for dummies,847 seconds,Generative AI for beginners,https://youtu.be/As3TT3xlddU
Introduction to Generative AI,1322 seconds,Introduction to Generative AI,https://youtu.be/cZaNf2rA30k
Introduction to Generative AI - Beginner‚Äôs Guide,732 seconds,Generative AI for beginners,https://youtu.be/gk6GJukCDLg
Introduction to Generative Fill | Adobe Photoshop | Photoshop 2025 Top  Features  Updates Explained!,896 seconds,Introduction to Generative AI,https://youtu.be/ndux0BeDobs
What is Generative AI? (Explained in Hindi) - Umar Tazkeer,529 seconds,Introduction to Generative AI,https://youtu.be/_vTV0TEj4BI
What Is Generative AI In Hindi| Krish Naik,714 seconds,Introduction to Generative AI,https://youtu.be/LFs2z7UUDJU
What is Generative AI | Introduction to Generative AI | Generative AI Explained | Simplilearn,659 seconds,Introduction to Generative AI,https://youtu.be/iXCqIpDZ_IY
What are Generative AI models?,527 seconds,Advanced AI model training,https://youtu.be/hfIUstzHs9A
99% of Beginners Don&#39;t Know the Basics of AI,612 seconds,Generative AI for beginners,https://youtu.be/nVyD6THcvDQ
ChatGPT Tutorial: How to Use Chat GPT For Beginners,1671 seconds,GPT tutorial,https://youtu.be/Gaf_jCnA6mc
ChatGPT Tutorial - A Crash Course on Chat GPT for Beginners,2045 seconds,GPT tutorial,https://youtu.be/JTxsNm9IdYU
Prompt Engineering Tutorial ‚Äì Master ChatGPT and LLM Responses,2496 seconds,GPT tutorial,https://youtu.be/_ZvnD73m40o
Ultimate ChatGPT 4o Guide 2025: How to Use Chat GPT For Beginners,1996 seconds,GPT tutorial,https://youtu.be/yFMVT3bcrJo
How to Create Custom GPT | OpenAI Tutorial,1226 seconds,GPT tutorial,https://youtu.be/0Q1AQAxpdGg
ChatGPT Tutorial for Beginners in Hindi | Step by Step,857 seconds,GPT tutorial,https://youtu.be/Nz1MI8nsFTs
How to Use ChatGPT (2025),1107 seconds,GPT tutorial,https://youtu.be/PDw3Uk9dN9k
Understanding the best uses of each ChatGPT model (GPT-4.5 to o1-pro),748 seconds,GPT tutorial,https://youtu.be/RuHCQdy-dfw
"Transformers, explained: Understand the model behind GPT, BERT, and T5",551 seconds,GPT tutorial,https://youtu.be/SZorAJ4I-sA
"Actually, ChatGPT is INCREDIBLY Useful (15 Surprising Examples)",807 seconds,GPT tutorial,https://youtu.be/zIWqTJu9HaA
Complete ChatGPT Tutorial - [Become A Power User in 30 Minutes],1652 seconds,GPT tutorial,https://youtu.be/jHv63Uvk5VA
The ULTIMATE Guide to ChatGPT 4o | Beginner to Advanced,1483 seconds,GPT tutorial,https://youtu.be/6JeaYWDyw54
ChatGPT Tutorial - How to use Chat GPT for Learning and Practicing English,732 seconds,GPT tutorial,https://youtu.be/-IBxIXBaei8
ChatGPT Tutorial for Developers - 38 Ways to 10x Your Productivity,1693 seconds,GPT tutorial,https://youtu.be/sTeoEFzVNSc
AI Agents Course | Telugu | Vamsi Bhavani,437 seconds,AI language models course,https://youtu.be/G1fD_kyQ-QU
How Large Language Models Work,334 seconds,Large Language Model customization,https://youtu.be/5sLYAQS9sWQ
Large Language Models explained briefly,478 seconds,Large Language Models explained,https://youtu.be/LPZh9BOjkQs
What are Large Language Models (LLMs)?,330 seconds,Large Language Models explained,https://youtu.be/iR2O2GPbB0E
Introduction to large language models,946 seconds,Large Language Models explained,https://youtu.be/zizonToFXDs
TOP 5 AI COURSES For Beginners (w/ Certificates) [2025] | Ishan Sharma,581 seconds,AI language models course,https://youtu.be/j3DsRK0IBfs
AI vs Machine Learning,349 seconds,Machine Learning for beginners,https://youtu.be/4RixMPF4xis
Large Language Models (LLMs) - Everything You NEED To Know,1520 seconds,Large Language Models explained,https://youtu.be/osKyvYJ3PRM
How Large Language Models (LLM) In Generative AI Are Trained ?,1238 seconds,AI language models course,https://youtu.be/rcxXiLhxhsk
Large Language Models Explained | What Is Large Language Model (LLM) | Machine Learning |Simplilearn,584 seconds,Large Language Models explained,https://youtu.be/ou7IswWBZbY
LLM Explained Simply |  What is LLM?,418 seconds,Large Language Models explained,https://youtu.be/uTSGHBsvplg
A Practical Introduction to Large Language Models (LLMs),897 seconds,Large Language Models explained,https://youtu.be/tFHeUSJAYbE
Large Language Models Explained | What Is Large Language Model (LLM) | LLM in Generative AI |Edureka,678 seconds,Large Language Models explained,https://youtu.be/Y4pFf7mEWyk
Large Language Models from scratch,505 seconds,Large Language Models explained,https://youtu.be/lnA9DMvHtfI
Transformers (how LLMs work) explained visually | DL5,1634 seconds,Large Language Models explained,https://youtu.be/wjZofJX0v4M
Should You Use Open Source Large Language Models?,400 seconds,Large Language Model customization,https://youtu.be/y9k-U9AuDeM
How to Use Midjourney - Ai Text To Image Generator - Beginner&#39;s Guide,497 seconds,AI image generation tutorial,https://youtu.be/_MF6qxPZDHs
Secrets to Creating Stunning AI Images: Expert Prompts,364 seconds,AI image generation tutorial,https://youtu.be/Od3FRMLqwFk
Master in AI Image Generation | Create Viral Images | Best Free AI Image Generator Tool | Toolify AI,616 seconds,Generative AI for images,https://youtu.be/jsyuLkcUnrs
ùü≠ùü¨ùü¨% ùóôùó•ùóòùóò ùóîùóú ùó©ùó∂ùó±ùó≤ùóº ùóöùó≤ùóªùó≤ùóøùóÆùòÅùóºùóø ‡•§ ùóúùó∫ùóÆùó¥ùó≤ ùóßùóº ùó©ùó∂ùó±ùó≤ùóº ùóîùó∂ ùóôùóøùó≤ùó≤,440 seconds,AI image generation tutorial,https://youtu.be/d4l8u6pckIA
7 BEST Free &amp; Paid AI Image Generators,449 seconds,Generative AI for images,https://youtu.be/S2TAa4P2IuY
15 in 1 AI VIDEO Generator : Let&#39;s CREATE YOUR Own Cinematic AI MOVIE,715 seconds,AI video generation tutorial,https://youtu.be/0UC1vvHprq8
LEONARDO AI Tutorial: Image Generator Basics,1421 seconds,AI image generation tutorial,https://youtu.be/yBdAkBA8weI
5 WAYS To Get Started With AI ART [Beginner&#39;s Guide 2023],791 seconds,AI image generation tutorial,https://youtu.be/zxnXpSfoXhQ
How AI Image Generators Work (Stable Diffusion / Dall-E) - Computerphile,1070 seconds,Generative AI for images,https://youtu.be/1CIpzeNxIhU
Best Free AI Image Generator in 2024 - Playground AI (Midjourney Alternative),352 seconds,Generative AI for images,https://youtu.be/i26WnckdEOo
Unlimited FREE AI Video Generator üî• Open Source Text to Video AI ‚úÖÔ∏è Image to Video Maker 2025,307 seconds,AI video generation tutorial,https://youtu.be/yzwOVt7M6IQ
All Machine Learning algorithms explained in 17 min,990 seconds,Introduction to Machine Learning,https://youtu.be/E0Hmnixke2g
All Machine Learning Models Explained in 5 Minutes | Types of ML Models Basics,301 seconds,Machine Learning for beginners,https://youtu.be/yN7ypxC7838
Build Your Own AI Image Generator Web App in Just 10 Minutes with Python! (OpenAI API &amp; Streamlit),581 seconds,Machine learning image creation,https://youtu.be/rKGRaxEQL_8
Simple explanation of convolutional neural network | Deep Learning Tutorial 23 (Tensorflow &amp; Python),1434 seconds,Machine learning image creation,https://youtu.be/zfiSAzpy9NM
But what is a neural network? | Deep learning chapter 1,1120 seconds,Neural networks PyTorch course,https://youtu.be/aircAruvnKk
"AI art, explained",813 seconds,Generative AI for images,https://youtu.be/SVcsDDABEkM
Cartoon Effect on Image using OpenCV | Machine Learning Project 8 | ML Training | Edureka,1348 seconds,Machine learning image creation,https://youtu.be/2xqvGZS7NCw
"How AIs, like ChatGPT, Learn",535 seconds,Machine learning image creation,https://youtu.be/R9OHn5ZF4Uo
What are GANs (Generative Adversarial Networks)?,503 seconds,Machine learning image creation,https://youtu.be/TpMIssRdhco
Deep Learning | What is Deep Learning? | Deep Learning Tutorial For Beginners | 2023 | Simplilearn,352 seconds,Machine learning image creation,https://youtu.be/6M5VXKLf4D4
How to Use Adobe Firefly 3 (&amp; Why It&#39;s the Only AI Image Generator You Should Use),545 seconds,Generative AI for images,https://youtu.be/VNs1lW8t4hw
9 AI Tools You MUST Be Using in 2025.,1073 seconds,Generative AI for video,https://youtu.be/yOILgTpXftc
Invideo AI Full Tutorial &amp; Review - Best AI Video Generator (2025),572 seconds,Generative AI for video,https://youtu.be/rGHFBMrhsC8
Make Some AI generative videos for free !,313 seconds,Generative AI for video,https://youtu.be/AkfxxuEHHo0
BEST AI Video Generator in 2025: Invideo AI V3 - Generative AI,1134 seconds,AI video generation tutorial,https://youtu.be/xjveLQ-FHXg
NEW AI Video Generator Creates Amazing Videos from TEXT! (No Editing),1053 seconds,AI video generation tutorial,https://youtu.be/Aw1TQwkCLQs
Create ENTIRE FILM with AI Video Generator | Text to Video And Image to Video Generator AI,526 seconds,Generative AI for video,https://youtu.be/J9mXRkwE9Qc
AI News: AI Video Creation Explodes in 2024,1972 seconds,Generative AI for video,https://youtu.be/aCNr4Dnk7UU
Invideo AI - Full Tutorial: Best AI Video Generator,775 seconds,AI video generation tutorial,https://youtu.be/yOu0PYVmYbw
FREE AI Video Generation: Make Money with Youtube Short AI Videos (Full Tutorial),407 seconds,AI video generation tutorial,https://youtu.be/n7h1Kn4sNqo
How to Create Lifelike Cinematic AI Videos FULL COURSE,1138 seconds,AI video generation tutorial,https://youtu.be/Kf6Jdekp6e8
Create Cinematic AI Videos With ONE AI Tool - AI Filmmaking Course,673 seconds,AI video generation tutorial,https://youtu.be/X17WxmJE_5g
How to create your own AI Videos on your Laptop,853 seconds,AI video generation tutorial,https://youtu.be/3FTm3KOASIs
Invideo AI - Full Tutorial 2025: Best AI Video Generator,1110 seconds,AI video generation tutorial,https://youtu.be/VJKGwXWtxMY
ü§ØThe MOST Impressive Video AI | Wan2.1 ComfyUI Complete Guide,466 seconds,AI video generation tutorial,https://youtu.be/gdoRVlJH218
Time Travel POV | How to Create AI-Generated Historical Videos (Step-by-Step Guide),707 seconds,AI video generation tutorial,https://youtu.be/woQKdq_lgMo
Invideo AI 2024 Tutorial - Best AI Video Generator,656 seconds,AI video generation tutorial,https://youtu.be/AF_0QEZt_9s
Unlimited FREE And Open Source AI Video Generator | Text to Video Generator AI | Image to Video,356 seconds,AI video generation tutorial,https://youtu.be/orFd1utzlKc
5 Best AI Video Generators (2025),840 seconds,Machine learning video creation,https://youtu.be/xrGCkh8hIe0
Create Cinematic AI Videos with Runway Gen-3,915 seconds,AI video generation tutorial,https://youtu.be/gyCg0yv3Njw
Create Cinematic AI Video with Minimax,773 seconds,AI video generation tutorial,https://youtu.be/28hdk6F2mo8
Machine Learning | What Is Machine Learning? | Introduction To Machine Learning | 2024 | Simplilearn,472 seconds,Machine Learning Computer Vision,https://youtu.be/ukzFI9rgwfU
Creating a Basic Calculator | 360DigiTMG,1639 seconds,Machine learning video creation,https://youtu.be/JP6ovhbOuk0
What are Transformers (Machine Learning Model)?,351 seconds,Machine learning video creation,https://youtu.be/ZXiruGOCn9s
What Is AI? | Artificial Intelligence | What is Artificial Intelligence? | AI In 5 Mins |Simplilearn,328 seconds,Machine learning video creation,https://youtu.be/ad79nYk2keg
Machine Learning vs Deep Learning,470 seconds,Machine learning in programming,https://youtu.be/q6kJ71tEYqM
Are Programmers Obsolete?  Will AI Replace Them?,586 seconds,AI for software development,https://youtu.be/TANCHT6uht0
The True Impact Of AI On Software Engineering,764 seconds,AI for software development,https://youtu.be/wwO-elfqbyg
"With AI, Anyone Can Be a Coder Now | Thomas Dohmke | TED",870 seconds,AI for software development,https://youtu.be/nv9WwHpOKEg
Masterclass: AI-driven Development for Programmers,529 seconds,AI for software development,https://youtu.be/iO1mwxPNP5A
Torvalds Speaks: Impact of Artificial Intelligence on Programming,305 seconds,AI for software development,https://youtu.be/VHHT6W-N0ak
How to elevate software development with AI-assisted coding,1234 seconds,AI for software development,https://youtu.be/S2GqQ4gJAH0
How I use AI as a software engineer,650 seconds,AI for software development,https://youtu.be/C24yVfqibv8
How will AI change Software Development ‚Äî Insight from Top-Notch Engineers,630 seconds,AI for software development,https://youtu.be/S8y0DA-nJBQ
Top 3 AI Coding Assistant for Programmers ü§Ø | 2025,861 seconds,AI coding assistant,https://youtu.be/mj_A8qta4As
Best AI Coding Assistant Tools of 2024,513 seconds,AI coding assistant,https://youtu.be/a3BZgHyZFDo
Github Copilot vs Cursor: which AI coding assistant is better?,453 seconds,AI coding assistant,https://youtu.be/Wl5NJVieiBM
Best AI Coding Tools for Developers in 2024,419 seconds,AI coding assistant,https://youtu.be/-Aw37UyTK7w
Codeium AI Coding Assistant | AI Review,1188 seconds,AI coding assistant,https://youtu.be/L5bbbnF0TTc
5 Best AI Coding Assistant Tools In 2024 | AI Coding Assistant For Programmers | Simplilearn,701 seconds,AI coding assistant,https://youtu.be/iJfEtc0G5sQ
Best AI Tools for Programming in 2025,503 seconds,AI coding assistant,https://youtu.be/uxrSyA-VxWs
Top 3 AI Coding Assistant for Programmers 2025,784 seconds,AI coding assistant,https://youtu.be/fqYzy8WRH2U
This Free AI Coding Assistant Might Destroy Cursor...,1126 seconds,AI coding assistant,https://youtu.be/RzupEPRF6As
Best AI Coding Tools For 2025 | Top 5 AI Coding Tools For 2025 | AI Coding Assistants | Simplilearn,799 seconds,AI coding assistant,https://youtu.be/t7PmHro6BBI
AI Coding Assistant Showdown: Augment Code vs Cursor AI (Which is Better?),635 seconds,AI coding assistant,https://youtu.be/CWC0L65TxdM
21 FREE AI Coding Tools THAT I USE!,964 seconds,AI coding assistant,https://youtu.be/3_NedlX1hKg
Github Copilot Agent Mode: FREE Cursor Alternative! NEW Autonomous AI Coding Agent! (o3 Mini FREE),568 seconds,AI coding assistant,https://youtu.be/n3VxTaozyPg
These AI Tools Can Code Full Stack Apps On Their Own! | Best AI For Coding in 2025,506 seconds,AI coding assistant,https://youtu.be/NGgWZVZrUyA
LangChain Crash Course For Beginners | LangChain Tutorial,2767 seconds,LangChain full course,https://youtu.be/nAmC7SoVLd8
LangChain Explained in 13 Minutes | QuickStart Tutorial for Beginners,764 seconds,LangChain full course,https://youtu.be/aywZrzNaKjs
Introduction to LangChain | LangChain for Beginners | Video 1 | CampusX,2264 seconds,LangChain full course,https://youtu.be/nlz9j-r0U9U
What is LangChain?,488 seconds,LangChain full course,https://youtu.be/1bUy-1hGZpI
SAP GUI AI Agent: A Technical Deep Dive,1500 seconds,LangChain tutorial,https://youtu.be/VP9uxYvI06k
Learn LangChain in 7 Easy Steps - Full Interactive Beginner Tutorial,2497 seconds,LangChain full course,https://youtu.be/8BV9TW490nQ
LangChain vs LangGraph: A Tale of Two Frameworks,595 seconds,LangChain full course,https://youtu.be/qAF1NjEVHhY
What is LangChain? 101 Beginner&#39;s Guide Explained with Animations,661 seconds,LangChain tutorial,https://youtu.be/P3MAbZ2eMUI
LangChain is AMAZING | Quick Python Tutorial,1062 seconds,LangChain tutorial,https://youtu.be/I4mFqyqFkxg
LangChain Explained In 15 Minutes - A MUST Learn For Python Programmers,939 seconds,LangChain tutorial,https://youtu.be/mrjq3lFz23s
LangChain Components | GenAI using LangChain | Video 2 | CampusX,3204 seconds,LangChain tutorial,https://youtu.be/-xSJA8-o6Eg
Langchain explained in Telugu | Vamsi Bhavani,449 seconds,LangChain tutorial,https://youtu.be/rT6inpgD6C8
LangGraph vs LangChain vs LangFlow vs LangSmith : Which One To Use &amp; Why?,584 seconds,LangChain tutorial,https://youtu.be/ldBsvhjEREc
What is Langchain and vector databases,1308 seconds,LangChain full course,https://youtu.be/DcNxg61kSFc
The Complete Machine Learning Roadmap,325 seconds,Machine Learning for beginners,https://youtu.be/7IgVGSaQPaw
Python Machine Learning Tutorial (Data Science),2983 seconds,Machine Learning tutorial,https://youtu.be/7eh4d6sabA0
AI &amp; ML Roadmap - Complete Roadmap for Machine Learning + PDF Downloadüìú,520 seconds,Machine Learning for beginners,https://youtu.be/AMxtGWcMYd4
Building generative AI apps on Google Cloud with LangChain,2520 seconds,Building AI apps with LangChain,https://youtu.be/l7tNx52bnsc
Build AI-powered apps on Vertex AI with LangChain,336 seconds,Building AI apps with LangChain,https://youtu.be/XX2XpqklUrE
L-3 LangChain Explained | Building Generative AI Apps from Scratch,1276 seconds,Building AI apps with LangChain,https://youtu.be/VvpuGpXOYrQ
Build an AI RAG Application with LangChain &amp; Next.js,2014 seconds,Building AI apps with LangChain,https://youtu.be/YLagvzoWCL0
Build AI Apps with DeepSeek &amp; OpenAI Using LangChain &amp; RAG!!,1498 seconds,Building AI apps with LangChain,https://youtu.be/W3Ij4GU6RKo
Hugging Face + Langchain in 5 mins | Access 200k+ FREE AI models for your AI apps,588 seconds,Building AI apps with LangChain,https://youtu.be/_j7JEDWuqLE
Langchain: The BEST Library For Building AI Apps In Python?,701 seconds,Building AI apps with LangChain,https://youtu.be/R3KgD86VRzc
"Build AI-powered apps on Google Cloud with pgvector, LangChain &amp; LLMs",472 seconds,Building AI apps with LangChain,https://youtu.be/Jl1S4ZcSY8k
Build AI Apps with LangChain,3355 seconds,Building AI apps with LangChain,https://youtu.be/tYgAdc4FSlE
RAG + Langchain Python Project: Easy AI/Chat For Your Docs,1002 seconds,Building AI apps with LangChain,https://youtu.be/tcqEUSNCn8I
LangChain Crash Course: Build a AutoGPT app in 25 minutes!,1648 seconds,Building AI apps with LangChain,https://youtu.be/MlK6SIjcjE8
"Build AI Applications With LangChain, JavaScript and React",524 seconds,Building AI apps with LangChain,https://youtu.be/_jIXRkGVQOo
Fine-tuning Large Language Models (LLMs) | w/ Example Code,1698 seconds,LLM fine-tuning tutorial,https://youtu.be/eC6Hd1hFvos
Fine Tuning Large Language Models with InstructLab,481 seconds,Large Language Model customization,https://youtu.be/pu3-PeBG0YU
RAG vs. Fine Tuning,537 seconds,Large Language Model customization,https://youtu.be/00Q0G84kq3M
EASIEST Way to Fine-Tune a LLM and Use It With Ollama,318 seconds,Large Language Model customization,https://youtu.be/pxhkDaKzBaY
Steps By Step Tutorial To Fine Tune LLAMA 2 With Custom Dataset Using LoRA And QLoRA Techniques,1605 seconds,Large Language Model customization,https://youtu.be/Vg3dS-NLUT4
Fine Tune a model with MLX for Ollama,520 seconds,LLM fine-tuning tutorial,https://youtu.be/3UQ7GY9hNwk
Finetuning LLM- LoRA And QLoRA Techniques- Krish Naik Hindi,1614 seconds,LLM fine-tuning tutorial,https://youtu.be/SrYXAd4nMvQ
Fine-tuning LLMs with PEFT and LoRA,935 seconds,LLM fine-tuning tutorial,https://youtu.be/Us5ZFp16PaU
How to fine tune LLM | How to fine tune Chatgpt | How to fine tune llama3,1885 seconds,LLM fine-tuning tutorial,https://youtu.be/YlDDgmUVN28
Finetune LLMs to teach them ANYTHING with Huggingface and Pytorch | Step-by-step tutorial,2335 seconds,LLM fine-tuning tutorial,https://youtu.be/bZcKYiwtw1I
What is Prompt Tuning?,513 seconds,LLM fine-tuning tutorial,https://youtu.be/yu27PWzJI_Y
EASIEST Way to Train LLM Train w/ unsloth (2x faster with 70% less GPU memory required),1497 seconds,LLM fine-tuning tutorial,https://youtu.be/jFl5Fewrieo
LoRA &amp; QLoRA Fine-tuning Explained In-Depth,879 seconds,LLM fine-tuning tutorial,https://youtu.be/t1caDsMzWBk
"&quot;okay, but I want GPT to perform 10x for my specific use case&quot; - Here is how",593 seconds,Large Language Model customization,https://youtu.be/Q9zv369Ggfk
24 GPT and LLM GPT Models Part 4 LangChain Introduction Teleperformance Case Study,839 seconds,LangChain full course,https://youtu.be/0Tx6ELsCiN4
Generative AI using LangChain | GENAI for Beginners | CampusX,919 seconds,LangChain full course,https://youtu.be/_3ezSpJw2E8
How to Build an LLM from Scratch | An Overview,2145 seconds,Large Language Model customization,https://youtu.be/ZLbVdvOoTKM
Feed Your OWN Documents to a Local Large Language Model!,1133 seconds,Large Language Model customization,https://youtu.be/fFgyOucIFuk
Introduction to Vertex AI Studio on Google Cloud Platform | CLOUDSPACE SOLUTIONS,1669 seconds,Large Language Model customization,https://youtu.be/sWdbKPKf8gs
Five Steps to Create a New AI Model,416 seconds,Advanced AI model training,https://youtu.be/jcgaNrC4ElU
[1hr Talk] Intro to Large Language Models,3588 seconds,Large Language Model customization,https://youtu.be/zjkBMFhNj_g
Training Your Own AI Model Is Not As Hard As You (Probably) Think,624 seconds,Advanced AI model training,https://youtu.be/fCUkvL0mbxI
How to Train Your Own Large Language Models,2291 seconds,Large Language Model customization,https://youtu.be/5qlLJrv_q-Q
How Chatbots and Large Language Models Work,441 seconds,Large Language Model customization,https://youtu.be/X-AWdfSFCHQ
What is Retrieval-Augmented Generation (RAG)?,396 seconds,Large Language Model customization,https://youtu.be/T-D1OfcDW1M
How I&#39;d Learn AI in 2025 (if I could start over),1075 seconds,Advanced AI model training,https://youtu.be/h2FDq3agImI
How to Learn AI and Get Certified by NVIDIA,414 seconds,Image processing AI course,https://youtu.be/zaq_XQx4MJk
AI Trends for 2025,452 seconds,Advanced AI model training,https://youtu.be/5zuF4Ys1eAw
AI Machine Learning Roadmap: Self Study AI!,525 seconds,Advanced AI model training,https://youtu.be/nznFtfgP2ks
How I&#39;d Learn AI in 2024 (If I Could Start Over) | Machine Learning Roadmap,1217 seconds,Advanced AI model training,https://youtu.be/H-RKfV2ZJbI
What is Machine Learning? | Machine Learning Basics | Machine Learning Tutorial | Edureka,1041 seconds,Introduction to Machine Learning,https://youtu.be/Pj0neYUp9Tc
Types Of Machine Learning | Machine Learning Algorithms | Machine Learning Tutorial | Simplilearn,1269 seconds,Machine Learning tutorial,https://youtu.be/olFxW7kdtP8
Machine Learning Tutorial Python -1: What is Machine Learning?,411 seconds,Machine Learning tutorial,https://youtu.be/gmvvaobm7eQ
Learn Machine Learning Like a GENIUS and Not Waste Time,903 seconds,Machine Learning for beginners,https://youtu.be/qNxrPri1V0I
IA pour d√©butants - Cours gratuit : les bases,1893 seconds,Machine Learning for beginners,https://youtu.be/Q-ettB77808
Machine Learning For Absolute Beginners 2020 | Machine Learning Tutorial For Beginners | Simplilearn,1997 seconds,Machine Learning for beginners,https://youtu.be/oxvtR803RhE
11. Introduction to Machine Learning,3091 seconds,Introduction to Machine Learning,https://youtu.be/h0e2HAPTGF4
Introduction To Machine Learning ll Machine Learning Course Explained With RealLife Examples (Hindi),721 seconds,Introduction to Machine Learning,https://youtu.be/Y4qO9unerGs
Intro to Machine Learning (ML Zero to Hero - Part 1),438 seconds,TensorFlow tutorial,https://youtu.be/KNAWp2S3w94
A Gentle Introduction to Machine Learning,765 seconds,Introduction to Machine Learning,https://youtu.be/Gv9_4yMHFhI
What is Machine Learning?,503 seconds,Introduction to Machine Learning,https://youtu.be/9gGnTQTYNaE
Introduction to Machine Learning || Types of Machine Learning || Machine Learning || RGPV,1013 seconds,Introduction to Machine Learning,https://youtu.be/e3VORAb6KS4
#1 Introduction to Machine Learning - Definition &amp; Example |ML|,384 seconds,Introduction to Machine Learning,https://youtu.be/mNB8NlwhAgg
Introduction To Machine Learning Algorithms In Hindi,1140 seconds,Introduction to Machine Learning,https://youtu.be/7uwa9aPbBRU
A Friendly Introduction to Machine Learning,1849 seconds,Introduction to Machine Learning,https://youtu.be/IpGxLWOIZy4
Introduction to Machine Learning,340 seconds,Introduction to Machine Learning,https://youtu.be/cNkUna4z6As
Introduction To Machine Learning | Machine Learning Basics for Beginners | ML Basics | Simplilearn,956 seconds,Introduction to Machine Learning,https://youtu.be/xU2L8Lr-huw
Week 1 - Lecture 1 - Introduction to Machine Learning,928 seconds,Introduction to Machine Learning,https://youtu.be/fC7V8QsPBec
Introduction to ML: What is Machine Learning? | ML for Beginners,900 seconds,Introduction to Machine Learning,https://youtu.be/bk12t0Xz5FM
ML 1 : Introduction to Machine Learning | ML Full Course | ML Tutorial for Beginners,793 seconds,Introduction to Machine Learning,https://youtu.be/Be-33-Y87j0
What is Machine Learning?,654 seconds,Introduction to Machine Learning,https://youtu.be/lsf060bLH_Y
Tensorflow Tutorial for Python in 10 Minutes,693 seconds,Neural networks TensorFlow course,https://youtu.be/6_2hzRopPbQ
TensorFlow In 10 Minutes | TensorFlow Tutorial For Beginners | TensorFlow Explained | Simplilearn,708 seconds,Deep Learning with TensorFlow,https://youtu.be/mSsDNGWZ7Ao
Deep Learning for Temperature Conversion | Celsius to Fahrenheit with TensorFlow,1133 seconds,Neural networks TensorFlow course,https://youtu.be/DVZEG2ValMA
TensorFlow for Beginners | TensorFlow in deep learning | TensorFlow tutorial,915 seconds,TensorFlow tutorial,https://youtu.be/Xjhy-YOiHDs
TensorFlow 2.0 Tutorial for Beginners | Deep Learning with TensorFlow 2.0 | Edureka,2887 seconds,TensorFlow tutorial,https://youtu.be/OHZqmJwj7n4
"Deep Learning with Python, TensorFlow, and Keras tutorial",1234 seconds,Deep Learning with TensorFlow,https://youtu.be/wQ8BIBpya2k
What is Deep Learning? (in 5 Minutes) üî•üî•,397 seconds,Neural networks TensorFlow course,https://youtu.be/ajeTYqhRHno
Introducing convolutional neural networks (ML Zero to Hero - Part 3),333 seconds,Neural networks TensorFlow course,https://youtu.be/x_VrgWTKkiM
TensorFlow In 10 Minutes | TensorFlow Tutorial For Beginners | Deep Learning &amp; TensorFlow | Edureka,541 seconds,Deep Learning with TensorFlow,https://youtu.be/tXVNS-V39A0
"Neural Network Simply Explained | Deep Learning Tutorial 4 (Tensorflow2.0, Keras &amp; Python)",661 seconds,Neural networks TensorFlow course,https://youtu.be/ER2It2mIagI
What is PyTorch ? | PyTorch in 8 Minutes | PyTorch Tutorial for Beginners | Simplilearn,449 seconds,Deep Learning with PyTorch,https://youtu.be/r2JKV4_zlmM
Build Your First Pytorch Model In Minutes! [Tutorial + Code],1892 seconds,Neural networks PyTorch course,https://youtu.be/tHL5STNJKag
What is Linear Regression and How is it Used in PyTorch? |  A PyTorch Implementation Tutorial,2102 seconds,Neural networks PyTorch course,https://youtu.be/v4cRozTr7GI
PyTorch for Beginners | Introduction to PyTorch | Video 1 | CampusX,3089 seconds,PyTorch tutorial,https://youtu.be/QZsguRbcOBM
PyTorch Crash Course - Getting Started with Deep Learning,2995 seconds,Neural networks PyTorch course,https://youtu.be/OIenNRt2bjg
Pytorch Tutorial 1-Pytorch Installation For Deep Learning,902 seconds,PyTorch tutorial,https://youtu.be/U0i7-c3Vrgc
What is PyTorch? (Machine/Deep Learning),717 seconds,Deep Learning with PyTorch,https://youtu.be/fJ40w_2h8kk
Pytorch tutorial for beginners | Pytorch neural network tutorial | Pytorch course,1099 seconds,Neural networks PyTorch course,https://youtu.be/KYFXNncIC3c
The StatQuest Introduction to PyTorch,1402 seconds,Neural networks PyTorch course,https://youtu.be/FHdlXe1bSe4
What is PyTorch | PyTorch Tutorial For Beginners | PyTorch Tutorial | Intellipaat,2235 seconds,PyTorch tutorial,https://youtu.be/O98PEUSsGY4
Create a Basic Neural Network Model - Deep Learning with PyTorch 5,940 seconds,Neural networks PyTorch course,https://youtu.be/JHWqWIoac2I
Intro To Deep Learning With PyTorch - Deep Learning with Pytorch 1,1025 seconds,Deep Learning with PyTorch,https://youtu.be/kY14KfZQ1TI
Computer Vision Explained in 5 Minutes | AI Explained,343 seconds,Image processing AI course,https://youtu.be/puB-4LuRNys
"Applications of computer vision | Deep Learning Tutorial 22 (Tensorflow2.0, Keras &amp; Python)",584 seconds,Machine Learning Computer Vision,https://youtu.be/aDpnaxPAmtU
Complete RoadMap To Learn Computer Vision,473 seconds,Machine Learning Computer Vision,https://youtu.be/jLcuVu5xdDo
Computer Vision Explained for Beginners,1349 seconds,Computer Vision tutorial,https://youtu.be/67uVfZmUQP8
Computer Vision Roadmap [UPDATED 2023] | How to become a computer vision engineer,991 seconds,Computer Vision tutorial,https://youtu.be/DalV5No4c_0
Introduction To Computer Vision Explained in Hindi,452 seconds,Machine Learning Computer Vision,https://youtu.be/yGn34vCdvp4
Computer Vision: Crash Course Computer Science #35,670 seconds,Computer Vision tutorial,https://youtu.be/-4E2-0sxVUM
How Computer Vision Applications Work,795 seconds,Machine Learning Computer Vision,https://youtu.be/oGvHtpJMO3M
How to Get Started with Computer Vision - Beginner to Advanced Roadmap,590 seconds,Computer Vision tutorial,https://youtu.be/jupZS9hRsjs
I Built a Neural Network from Scratch,555 seconds,Neural networks PyTorch course,https://youtu.be/cAkMcPfY_Ns
Building a Neural Network with PyTorch in 15 Minutes | Coding Challenge,1234 seconds,Neural networks PyTorch course,https://youtu.be/mozBidd58VQ
"Building a neural network FROM SCRATCH (no Tensorflow/Pytorch, just numpy &amp; math)",1888 seconds,Neural networks PyTorch course,https://youtu.be/w8yWXqWQYmU
Why Computer Vision Is a Hard Problem for AI,519 seconds,Machine Learning Computer Vision,https://youtu.be/YOKPo-I6cgs
How Computer Vision Works,428 seconds,Machine Learning Computer Vision,https://youtu.be/OcycT1Jwsns
Eyes on Earth Episode 131 ‚Äì Using AI in Geospatial Work,1859 seconds,Machine Learning Computer Vision,https://youtu.be/2CWzUntJdOo
How Computer Vision Works,385 seconds,Machine Learning Computer Vision,https://youtu.be/2hXG8v8p0KM
Computer Vision in Artificial Intelligence (hindi) in detail,350 seconds,Machine Learning Computer Vision,https://youtu.be/NMacrAxSYdM
Natural Language Processing In 10 Minutes | NLP Tutorial For Beginners | NLP Training | Simplilearn,764 seconds,Natural Language Processing tutorial,https://youtu.be/6I-Alfkr5K4
Natural Language Processing In 5 Minutes | What Is NLP And How Does It Work? | Simplilearn,329 seconds,NLP with Python,https://youtu.be/CMrHM8a3hqw
Natural Language Processing (NLP) Tutorial with Python &amp; NLTK,2290 seconds,NLP with Python,https://youtu.be/X2vAabgKiuM
What is NLP (Natural Language Processing)?,577 seconds,NLP with Python,https://youtu.be/fLvJ8VdHLA0
Natural Language Processing in Artificial Intelligence in Hindi | NLP with Demo and Examples,1038 seconds,Natural Language Processing tutorial,https://youtu.be/bPpwZxasJo0
Natural Language Processing (NLP) Tutorial | Data Science Tutorial | Simplilearn,2002 seconds,Natural Language Processing tutorial,https://youtu.be/6WpnxmmkYys
"Master Text, Image &amp; Audio Processing with Phi-4-multimodal-instruct",480 seconds,Natural Language Processing tutorial,https://youtu.be/rEV5VoGUwjA
Introduction to Natural Language Processing in Hindi ( NLP ) üî•,314 seconds,Natural Language Processing tutorial,https://youtu.be/boQTFk1BqbY
Natural Language Processing (NLP) Tutorial | NLP Training | Intellipaat,2734 seconds,Natural Language Processing tutorial,https://youtu.be/KVxIx8f_VpM
Natural Language Processing - in 30 minutes | NLP Full Course,2175 seconds,Natural Language Processing tutorial,https://youtu.be/G6wdZQw4d8Y
NATURAL LANGUAGE PROCESSING With Python | Theory &amp; Hands-On Exercise,1028 seconds,Natural Language Processing tutorial,https://youtu.be/MpIagClRELI
Natural Language Processing In 10 Minutes | NLP Tutorial For Beginners | NLP Training | Edureka,506 seconds,Natural Language Processing tutorial,https://youtu.be/5ctbvkAMQO4
NLP Explained in Telugu | Natural Language Processing in Telugu | Vamsi Bhavani,877 seconds,Natural Language Processing tutorial,https://youtu.be/OIxPO9kJ83k
Natural Language Processing (NLP) &amp; Text Mining Tutorial Using NLTK | NLP Training | Edureka,2429 seconds,Natural Language Processing tutorial,https://youtu.be/05ONoGfmKvA
"Image Segmentation, Semantic Segmentation, Instance Segmentation, and Panoptic Segmentation",304 seconds,Image processing AI course,https://youtu.be/5QUmlXBb0MY
Introduction to Digital Image Processing üî•üî•,500 seconds,Image processing AI course,https://youtu.be/aduibjn0ehM
Introduction to image processing in hindi #1  | Image processing Lectures,619 seconds,Image processing AI course,https://youtu.be/p2IPskWS_go
Computer Vision and Image Processing ‚Äì Fundamentals and Applications [Intro Video],482 seconds,Image processing AI course,https://youtu.be/3LaVxEX3F0o
"FREE Courses from ISRO with Certificates | Learn AI, ML and Python Programming Online",310 seconds,Image processing AI course,https://youtu.be/fb1g0nzqe8M
Data Science With Python | Python for Data Science | Python Data Science Tutorial | Simplilearn,3412 seconds,Python Data Science tutorial,https://youtu.be/mkv5mxYu0Wk
Data Science Tutorial | Data Science for Beginners | Data Science with Python Tutorial | Simplilearn,2635 seconds,Python Data Science tutorial,https://youtu.be/jNeUBWrrRsQ
Data Science With Python | Data Science Tutorial | Simplilearn,472 seconds,Python Data Science tutorial,https://youtu.be/SUsfmh2BSbg
AI in Text Analytics and NLP - Part 1 | Introduction To Text Analytics |  AI Training | Edureka,1392 seconds,Text analysis AI course,https://youtu.be/tM64DzwUQ9g
Text Classification: AI Techniques and Real-World Applications,840 seconds,Text analysis AI course,https://youtu.be/hHiPs_wICsE
